{
  "architectury-13.0.8-fabric.jar": {
    "modId": "architectury",
    "version": "13.0.8"
  },
  "BadOptimizations-2.2.1-1.21.1.jar": {
    "modId": "badoptimizations",
    "version": "2.2.1"
  },
  "BetterGrassify-1.5.1+fabric.1.21.1.jar": {
    "modId": "bettergrass",
    "version": "1.5.1+fabric.1.21.1"
  },
  "BetterPingDisplay-Fabric-1.21.1-1.1.1.jar": {
    "modId": "betterpingdisplay",
    "version": "1.1.1"
  },
  "calcmod-1.3.2+fabric.1.21.jar": {
    "modId": "calcmod",
    "version": "1.3.2+fabric.1.21"
  },
  "capes-1.5.4+1.21-fabric.jar": {
    "modId": "capes",
    "version": "1.5.4+1.21"
  },
  "chat_heads-0.13.13-fabric-1.21.jar": {
    "modId": "chat_heads",
    "version": "0.13.13"
  },
  "cloth-config-15.0.140-fabric.jar": {
    "modId": "cloth-config",
    "version": "15.0.140"
  },
  "continuity-3.0.0+1.21.jar": {
    "modId": "continuity",
    "version": "3.0.0+1.21"
  },
  "CraftPresence-2.5.3+1.21.1-fabric.jar": {
    "modId": "craftpresence",
    "version": "2.5.3"
  },
  "crash_assistant-fabric-1.4.3.jar": {
    "modId": "crash_assistant",
    "version": "1.4.3"
  },
  "CustomPlayerModels-Fabric-1.21-0.6.21a.jar": {
    "modId": "cpm",
    "version": "0.6.21a"
  },
  "cwb-fabric-3.0.0+mc1.21.jar": {
    "modId": "cubes-without-borders",
    "version": "3.0.0+mc1.21"
  },
  "dynamic-fps-3.9.0+minecraft-1.21.0-fabric.jar": {
    "modId": "dynamic_fps",
    "version": "3.9.0"
  },
  "entity_model_features_fabric_1.21.1-2.4.1.jar": {
    "modId": "entity_model_features",
    "version": "2.4.1"
  },
  "entity_texture_features_fabric_1.21.1-6.2.9.jar": {
    "modId": "entity_texture_features",
    "version": "6.2.9"
  },
  "entityculling-fabric-1.7.3-mc1.21.jar": {
    "modId": "entityculling",
    "version": "1.7.3"
  },
  "fabric-api-0.115.1+1.21.1.jar": {
    "modId": "fabric-api",
    "version": "0.115.1+1.21.1"
  },
  "fabric-language-kotlin-1.13.1+kotlin.2.1.10.jar": {
    "modId": "fabric-language-kotlin",
    "version": "1.13.1+kotlin.2.1.10"
  },
  "FactoryAPI-1.21.1-2.2.3-fabric.jar": {
    "modId": "factory_api",
    "version": "2.2.3"
  },
  "fastquit-3.0.0+1.20.6.jar": {
    "modId": "fastquit",
    "version": "3.0.0+1.20.6"
  },
  "ferritecore-7.0.2-hotfix-fabric.jar": {
    "modId": "ferritecore",
    "version": "7.0.2-hotfix"
  },
  "fix-keyboard-on-linux-1.0.1.jar": {
    "modId": "fix-keyboard-on-linux",
    "version": "1.0.1"
  },
  "ImmediatelyFast-Fabric-1.6.1+1.21.1.jar": {
    "modId": "immediatelyfast",
    "version": "1.6.1+1.21.1"
  },
  "iris-fabric-1.8.8+mc1.21.1.jar": {
    "modId": "iris",
    "version": "1.8.8+mc1.21.1"
  },
  "lambdynamiclights-3.1.4+1.21.1.jar": {
    "modId": "lambdynlights",
    "version": "3.1.4+1.21.1"
  },
  "Legacy4J-1.21.1-1.8.0.2511.2-fabric.jar": {
    "modId": "legacy",
    "version": "1.8.0.2511.2"
  },
  "legacyskins-1.4.0+fabric+1.21.1.jar": {
    "modId": "legacyskins",
    "version": "1.4.0+fabric+1.21.1"
  },
  "lithium-fabric-0.15.0+mc1.21.1.jar": {
    "modId": "lithium",
    "version": "0.15.0+mc1.21.1"
  },
  "macos-input-fixes-1.8.jar": {
    "modId": "macos_input_fixes",
    "version": "1.8"
  },
  "modelfix-1.21-1.6-fabric.jar": {
    "modId": "modelfix",
    "version": "1.21-1.6"
  },
  "moderner-beta-2.1.4+1.21-fabric.jar": {
    "modId": "moderner_beta",
    "version": "2.1.4+1.21"
  },
  "modernfix-fabric-5.20.2+mc1.21.1.jar": {
    "modId": "modernfix",
    "version": "5.20.2+mc1.21.1"
  },
  "modmenu-11.0.3.jar": {
    "modId": "modmenu",
    "version": "11.0.3"
  },
  "NostalgicTweaks-mc1.21.1-Fabric-2.0.0-beta.910.jar": {
    "modId": "nostalgic_tweaks",
    "version": "2.0.0-beta.910"
  },
  "ok_zoomer-fabric-10.0.0-beta.8.jar": {
    "modId": "ok_zoomer",
    "version": "10.0.0-beta.8"
  },
  "optigui-2.3.0-beta.6.1-modrinth+1.21.jar": {
    "modId": "optigui",
    "version": "2.3.0-beta.6.1-modrinth+1.21"
  },
  "placeholder-api-2.4.2+1.21.jar": {
    "modId": "placeholder-api",
    "version": "2.4.2+1.21"
  },
  "sodium-extra-fabric-0.6.0+mc1.21.1.jar": {
    "modId": "sodium-extra",
    "version": "0.6.0+mc1.21.1"
  },
  "sodium-fabric-0.6.9+mc1.21.1.jar": {
    "modId": "sodium",
    "version": "0.6.9+mc1.21.1"
  },
  "UniLib-1.0.5+1.21.1-fabric.jar": {
    "modId": "unilib",
    "version": "1.0.5"
  },
  "world-host-0.5.1+1.21.1-fabric.jar": {
    "modId": "world-host",
    "version": "0.5.1+1.21.1-fabric"
  },
  "yet_another_config_lib_v3-3.6.3+1.21.1-fabric.jar": {
    "modId": "yet_another_config_lib_v3",
    "version": "3.6.3+1.21.1-fabric"
  },
  "yosbr-0.1.2.jar": {
    "modId": "yosbr",
    "version": "0.1.2"
  }
}