{
  "modEnabled": true,
  "restrictedLan": true,
  "serverSideOnly": true,
  "serverLogging": true,
  "serverDebugMode": false,
  "mod": {
    "favoriteTweaks": {
      "list": [],
      "disabled": false
    },
    "openedConfigScreen": true,
    "openedSupporterScreen": false,
    "persistentConfigScreen": true,
    "defaultScreen": "HOME_SCREEN",
    "openConfigBinding": 79,
    "numberOfBackups": 5,
    "showWelcomeToast": true,
    "showHandshakeToast": false,
    "showLanChangeToast": true,
    "showServerboundToast": true,
    "showClientboundToast": false,
    "smoothScroll": true,
    "menuBackgroundOpacity": 85,
    "displayNewTags": true,
    "displayTagTooltips": true,
    "displayCategoryTree": true,
    "categoryTreeOpacity": 80,
    "displayRowHighlight": true,
    "displayRowHighlightFade": true,
    "overrideRowHighlight": false,
    "rowHighlightOpacity": 20
  },
  "sound": {
    "disabledPositionedSounds": {
      "list": [],
      "disabled": false
    },
    "disabledGlobalSounds": {
      "list": [],
      "disabled": false
    },
    "playMusicWhenPaused": true,
    "musicForMenu": "BLENDED",
    "musicForCreative": "BLENDED",
    "replaceOverworldBiomeMusic": true,
    "replaceNetherBiomeMusic": true,
    "replaceGameplayMusic": true,
    "stopSongBinding": -1,
    "nextSongBinding": -1,
    "oldCaveSounds": false,
    "oldCaveAmbience": false,
    "disableNetherAmbience": false,
    "disableWaterAmbience": false,
    "oldBed": false,
    "disableBedPlace": false,
    "oldChest": false,
    "disableChest": false,
    "disableLavaAmbience": false,
    "disableLavaPop": false,
    "disableFurnace": false,
    "disableBlastFurnace": false,
    "disableGrowth": false,
    "disableDoorPlace": false,
    "oldAttack": false,
    "oldHurt": false,
    "oldFall": false,
    "oldXp": false,
    "disableXpPickup": false,
    "disableXpLevel": false,
    "disableGenericSwim": false,
    "disableFishSwim": false,
    "disableFishHurt": false,
    "disableFishDeath": false,
    "disableSquid": false,
    "disableGlowSquidOther": false,
    "disableGlowSquidAmbience": false,
    "oldStep": false,
    "ignoreModdedStep": false
  },
  "eyeCandy": {
    "sodiumWaterAo": false,
    "oldGrassSideTexture": false,
    "oldFastGrassTexture": true,
    "removeMipmapTexture": false,
    "ambientOcclusionBlocks": {
      "items": [
        "minecraft:powder_snow_bucket",
        "minecraft:composter"
      ],
      "disabled": false
    },
    "disableBlockOffsets": {
      "items": [
        "minecraft:poppy",
        "minecraft:poppy*",
        "minecraft:rose_bush",
        "minecraft:rose_bush*"
      ],
      "disabled": false
    },
    "disableAllOffset": false,
    "oldMissingTexture": "MODERN",
    "applyFullBlockCollisions": false,
    "fullBlockCollisions": {
      "items": [],
      "disabled": false
    },
    "fullBlockOutlines": {
      "items": [
        "minecraft:cobblestone_stairs",
        "minecraft:cobblestone_stairs*",
        "minecraft:cobblestone_wall",
        "minecraft:cobblestone_wall*",
        "minecraft:oak_fence",
        "minecraft:oak_fence*",
        "minecraft:chest",
        "minecraft:chest*",
        "minecraft:ender_chest",
        "minecraft:ender_chest*",
        "minecraft:cauldron",
        "minecraft:cauldron*",
        "minecraft:hopper",
        "minecraft:hopper*",
        "minecraft:anvil",
        "minecraft:anvil*"
      ],
      "disabled": false
    },
    "blockOutlineColor": "#00000066",
    "blockOutlineThickness": 2.5,
    "oldBlockOverlay": false,
    "overlayRenderOrder": "FIRST",
    "blockOverlayColorType": "SOLID",
    "blockOverlayColor": "#FFFFFF5A",
    "blockOverlayGradientTop": "#0000005A",
    "blockOverlayGradientBottom": "#FFFFFF5A",
    "pulsateBlockOverlay": true,
    "pulsateOverlayAnimation": "LINEAR",
    "oldBlockOverlaySpeed": 0.2,
    "minimumBlockPulsationTransparency": 0.1,
    "maximumBlockPulsationTransparency": 0.4,
    "oldChest": false,
    "oldEnderChest": false,
    "oldTrappedChest": false,
    "applyChestVoxel": false,
    "oldModChests": {
      "items": [],
      "disabled": false
    },
    "translucentChests": {
      "items": [],
      "disabled": false
    },
    "oldTorchBrightness": false,
    "oldTorchBottom": false,
    "oldTorchModel": false,
    "oldRedstoneTorchModel": false,
    "oldSoulTorchModel": false,
    "hidePlayerInBed": false,
    "hideExperienceBar": false,
    "hideHungerBar": false,
    "adventureCraftOffhand": false,
    "leftOffhandOffset": 0,
    "rightOffhandOffset": 0,
    "showExpLevelText": false,
    "showExpLevelInCreative": false,
    "altExpLevelCorner": "TOP_LEFT",
    "altExpLevelOffsetX": 0,
    "altExpLevelOffsetY": 0,
    "altExpLevelShadow": true,
    "altExpLevelText": "Level: %a%v",
    "showExpProgressText": false,
    "showExpProgressInCreative": false,
    "useDynamicProgressColor": true,
    "altExpProgressCorner": "TOP_LEFT",
    "altExpProgressOffsetX": 0,
    "altExpProgressOffsetY": 0,
    "altExpProgressShadow": true,
    "altExpProgressText": "Experience: %v%",
    "showHungerFoodText": false,
    "useDynamicFoodColor": true,
    "altHungerFoodCorner": "TOP_LEFT",
    "altHungerFoodOffsetX": 0,
    "altHungerFoodOffsetY": 0,
    "altHungerFoodShadow": true,
    "altHungerFoodText": "Food: %v",
    "showHungerSaturationText": false,
    "useDynamicSaturationColor": true,
    "altHungerSaturationCorner": "TOP_LEFT",
    "altHungerSaturationOffsetX": 0,
    "altHungerSaturationOffsetY": 0,
    "altHungerSaturationShadow": true,
    "altHungerSaturationText": "Saturation: %v%",
    "oldVersionOverlay": false,
    "oldOverlayShadow": false,
    "oldOverlayCorner": "TOP_LEFT",
    "oldOverlayOffsetX": 0,
    "oldOverlayOffsetY": 0,
    "oldOverlayText": "Minecraft %v",
    "enableWindowTitle": false,
    "matchVersionOverlay": false,
    "windowTitleText": "Minecraft %v",
    "oldDebug": "MODERN",
    "debugEntityId": false,
    "fpsChart": "CLASSIC",
    "showDebugPieChart": false,
    "oldPieChartBackground": false,
    "showDebugLeftTextShadow": true,
    "showDebugRightTextShadow": true,
    "showDebugLeftBackground": false,
    "showDebugRightBackground": false,
    "debugLeftBackgroundColor": "#50505090",
    "debugRightBackgroundColor": "#50505090",
    "showDebugLeftTextColor": true,
    "showDebugRightTextColor": true,
    "debugLeftTextColor": "#FFFFFFFF",
    "debugRightTextColor": "#E0E0E0FF",
    "showDebugGpuUsage": false,
    "showDebugLightData": false,
    "showDebugFacingData": false,
    "showDebugTargetData": false,
    "showDebugBiomeData": false,
    "oldInventory": false,
    "inventoryBook": "SMALL",
    "inventoryShield": "MODERN",
    "disableEmptyArmorTexture": false,
    "disableEmptyShieldTexture": false,
    "invertedPlayerLighting": false,
    "oldCreativeHotbar": "MODERN",
    "removeScreenBlur": false,
    "oldButtonTextColor": false,
    "oldDirtScreenBackground": false,
    "applyGuiColorBackground": true,
    "oldGuiBackground": "SOLID_BLACK",
    "customGuiBackground": false,
    "customGuiTopGradient": "#00000000",
    "customGuiBottomGradient": "#00000000",
    "oldLoadingOverlay": "MODERN",
    "removeLoadingBar": false,
    "customLoadingOverlayBackground": false,
    "loadingOverlayBackgroundColor": "#000000",
    "customLoadingProgressBar": false,
    "progressBarOutlineColor": "#FFFFFF",
    "progressBarInsideColor": "#FFFFFF",
    "oldProgressScreen": false,
    "oldPauseMenu": "MODERN",
    "includeModsOnPause": true,
    "removeExtraPauseButtons": false,
    "oldAnvilScreen": false,
    "oldCraftingScreen": false,
    "craftingBook": "SMALL",
    "oldFurnaceScreen": false,
    "furnaceBook": "SMALL",
    "oldChatInput": false,
    "oldChatBox": false,
    "disableSignatureBoxes": false,
    "chatOffset": 0,
    "oldDeathScreen": false,
    "oldDeathScore": false,
    "hideCauseOfDeath": false,
    "oldWorldSelectScreen": "MODERN",
    "addWorldThumbnail": true,
    "addWorldMetadata": true,
    "ignoreWorldSize": false,
    "oldStyleCreateWorldTabs": false,
    "removeCreateWorldFooter": false,
    "overrideTitleScreen": false,
    "oldTitleBackground": false,
    "uncapTitleFPS": true,
    "oldAlphaLogo": false,
    "titleButtonLayout": "MODERN",
    "includeModsOnTitle": true,
    "removeTitleRealmsButton": false,
    "removeTitleAccessibilityButton": false,
    "removeTitleLanguageButton": false,
    "removeExtraTitleButtons": false,
    "addQuitButton": true,
    "titleVersionText": "Minecraft %v",
    "titleBottomLeftText": false,
    "titleTopRightDebugText": false,
    "removeTitleModLoaderText": true,
    "oldTooltipBoxes": false,
    "oldNoItemTooltips": false,
    "showEnchantmentTip": true,
    "showModifierTip": true,
    "showDyeTip": true,
    "tooltipColorType": "SOLID",
    "tooltipBackgroundColor": "#000000C0",
    "tooltipGradientTop": "#FFFFFFC0",
    "tooltipGradientBottom": "#000000C0",
    "fixItemModelGap": true,
    "oldDamageArmorTint": false,
    "oldItemHolding": false,
    "ignoredHoldingItems": {
      "items": [
        "minecraft:crossbow"
      ],
      "disabled": false
    },
    "itemMergeLimit": 16,
    "oldItemMerging": false,
    "old2dItems": false,
    "old2dRendering": false,
    "disableEnchantedGroundItems": false,
    "disableEnchantedStaticItems": false,
    "oldDurabilityColors": false,
    "oldNoSelectedItemName": false,
    "oldPlainSelectedItemName": false,
    "oldNameTags": false,
    "supporterTags": true,
    "disableLightFlicker": false,
    "invertedBlockLighting": false,
    "oldLeavesLighting": false,
    "oldWaterLighting": false,
    "chestLightBlock": false,
    "roundRobinRelight": false,
    "oldSmoothLighting": false,
    "oldNetherLighting": false,
    "oldClassicEngine": false,
    "smoothLightTransition": false,
    "disableBrightness": false,
    "oldLightColor": false,
    "maxBlockLight": 15,
    "disabledParticles": {
      "list": [],
      "disabled": false
    },
    "oldOpaqueExperience": false,
    "disableNetherParticles": false,
    "disableUnderwaterParticles": false,
    "disableLavaParticles": false,
    "disableLavaDripParticles": false,
    "disableWaterDripParticles": false,
    "disableLeverParticles": false,
    "disableModelDestructionParticles": false,
    "disableEnderChestParticles": false,
    "disableGrowthParticles": false,
    "disableFallingParticles": false,
    "disableSprintingParticles": false,
    "hideFirstPersonMagicParticles": false,
    "oldBoatMovementParticles": false,
    "oldSweepParticles": false,
    "oldNoDamageParticles": false,
    "oldNoCritParticles": false,
    "oldNoMagicHitParticles": false,
    "oldExplosionParticles": false,
    "oldMixedExplosionParticles": false,
    "unoptimizedExplosionParticles": false,
    "oldSquareBorder": true,
    "oldWorldFog": "MODERN",
    "fogBinding": -1,
    "oldNetherFog": false,
    "oldSunriseSunsetFog": false,
    "oldDarkFog": false,
    "oldDynamicFogColor": false,
    "universalFogColor": "DISABLED",
    "useCustomOverworldFogDensity": false,
    "useCustomOverworldFogColor": false,
    "useCustomNetherFogDensity": false,
    "useCustomNetherFogColor": false,
    "customOverworldFogColor": "#FFFFFF",
    "customNetherFogColor": "#540E0E",
    "customOverworldFogStart": 100,
    "customOverworldFogEnd": 60,
    "customNetherFogStart": 100,
    "customNetherFogEnd": 60,
    "oldWaterFogDensity": false,
    "oldWaterFogColor": false,
    "smoothWaterDensity": false,
    "smoothWaterColor": false,
    "renderSunriseSunsetColor": true,
    "oldSunriseAtNorth": false,
    "oldStars": "MODERN",
    "oldDynamicSkyColor": false,
    "universalSkyColor": "DISABLED",
    "oldNetherSky": false,
    "oldCloudHeight": 192,
    "sunsetSunriseType": "JAVA",
    "customOverworldSky": false,
    "customOverworldSkyColor": "#FFFFFF",
    "oldBlueVoid": "MODERN",
    "oldBlueVoidOverride": false,
    "oldDarkVoidHeight": false,
    "customVoidSky": false,
    "customVoidSkyColor": "#0000FF",
    "xbox360BlueVoidColor": true,
    "renderVoidFog": false,
    "creativeVoidFog": false,
    "creativeVoidParticles": false,
    "lightRemovesVoidFog": false,
    "voidFogEncroach": 70,
    "voidFogStart": 50,
    "voidParticleStart": -47,
    "voidParticleRadius": 16,
    "voidParticleDensity": 20
  },
  "gameplay": {
    "oldLadderGap": false,
    "oldSquidMilking": false,
    "disableAnimalPanic": false,
    "disableMonsterAvoidSun": false,
    "disableGolemCreation": false,
    "disableMonsterItemPickup": false,
    "disableBabyZombieSpawn": false,
    "disableBabyPiglinSpawn": false,
    "disableMonsterItemSpawn": false,
    "disableMonsterArmorSpawn": false,
    "disableMonsterEnchantSpawn": false,
    "piglinOnlyGoldSwordSpawn": false,
    "monsterSpawnCap": 90,
    "animalSpawnCap": 20,
    "oldAnimalSpawning": false,
    "disableBabyAnimalSpawning": false,
    "disableAnimalBreeding": false,
    "disableAnimalTempting": false,
    "disableSheepEatGrass": false,
    "randomSheepWoolRegen": false,
    "oldSheepPunching": false,
    "oneWoolPunch": false,
    "oldZombiePigmenDrops": false,
    "oldSkeletonDrops": false,
    "oldChickenDrops": false,
    "oldZombieDrops": false,
    "oldSpiderDrops": false,
    "oldSheepDrops": false,
    "oldCowDrops": false,
    "oldPigDrops": false,
    "oldStyleZombieVillagerDrops": false,
    "oldStyleCaveSpiderDrops": false,
    "oldStyleMooshroomDrops": false,
    "oldStyleDrownedDrops": false,
    "oldStyleRabbitDrops": false,
    "oldStyleStrayDrops": false,
    "oldStyleHuskDrops": false,
    "blockWithSwordOnShield": false,
    "oldSwordBlocking": true,
    "attackWhileSwordBlocking": true,
    "swordBlockDamageReduction": 50,
    "oldDamageValues": true,
    "disableCooldown": true,
    "disableMissTimer": true,
    "disableCriticalHit": true,
    "disableSweep": true,
    "arrowSpeed": 70,
    "instantBow": false,
    "invincibleBow": false,
    "disableOrbSpawn": false,
    "disableOrbRendering": false,
    "disableAnvil": false,
    "disableEnchantTable": false,
    "oldNightmares": false,
    "disableSprint": false,
    "leftClickDoor": false,
    "leftClickLever": false,
    "leftClickButton": false,
    "disableSneakingUnderSlabs": false,
    "disableCrawling": false,
    "instantBonemeal": false,
    "tilledGrassSeeds": false,
    "disableBonemealShortGrass": false,
    "disableTallGrassBonemeal": false,
    "disableCocoaBeanPlacement": false,
    "oldFire": false,
    "infiniteBurn": false,
    "disableSoulFire": false,
    "instantAir": false,
    "disableSwim": false,
    "cartBoosting": false,
    "cartRiderTurning": false,
    "cartSafeRiderTurning": false,
    "disableBoatBusyHands": false,
    "oldBoatWaterLift": false,
    "oldBoatDrops": true,
    "punchTntIgnition": false,
    "disableBedBounce": false,
    "alwaysOpenChest": false,
    "disableHunger": false,
    "instantEat": false,
    "oldFoodStacking": false,
    "preventHungerEffect": false,
    "customFoodHealth": {
      "items": {
        "minecraft:rotten_flesh": 0,
        "minecraft:spider_eye": 0,
        "minecraft:carrot": 1,
        "minecraft:melon_slice": 1,
        "minecraft:chorus_fruit": 1,
        "minecraft:sweet_berries": 1,
        "minecraft:glow_berries": 1,
        "minecraft:mushroom_stew": 10,
        "minecraft:beetroot_soup": 10,
        "minecraft:rabbit_stew": 10,
        "minecraft:suspicious_stew": 10,
        "minecraft:golden_apple": 20,
        "minecraft:enchanted_golden_apple": 20
      },
      "disabled": false
    },
    "customFoodStacking": {
      "items": {
        "minecraft:cookie": 8,
        "minecraft:beetroot": 8,
        "minecraft:carrot": 8,
        "minecraft:chorus_fruit": 8,
        "minecraft:dried_kelp": 9,
        "minecraft:melon_slice": 8,
        "minecraft:potato": 8,
        "minecraft:poisonous_potato": 8,
        "minecraft:sweet_berries": 8,
        "minecraft:glow_berries": 8,
        "minecraft:apple": 1,
        "minecraft:baked_potato": 1,
        "minecraft:beef": 1,
        "minecraft:beetroot_soup": 1,
        "minecraft:bread": 1,
        "minecraft:chicken": 1,
        "minecraft:cod": 1,
        "minecraft:cooked_beef": 1,
        "minecraft:cooked_chicken": 1,
        "minecraft:cooked_cod": 1,
        "minecraft:cooked_mutton": 1,
        "minecraft:cooked_porkchop": 1,
        "minecraft:cooked_rabbit": 1,
        "minecraft:cooked_salmon": 1,
        "minecraft:enchanted_golden_apple": 1,
        "minecraft:golden_apple": 1,
        "minecraft:golden_carrot": 1,
        "minecraft:honey_bottle": 4,
        "minecraft:mushroom_stew": 1,
        "minecraft:mutton": 1,
        "minecraft:porkchop": 1,
        "minecraft:pufferfish": 1,
        "minecraft:pumpkin_pie": 1,
        "minecraft:rabbit": 1,
        "minecraft:rabbit_stew": 1,
        "minecraft:salmon": 1,
        "minecraft:suspicious_stew": 1,
        "minecraft:tropical_fish": 1
      },
      "disabled": false
    },
    "customItemStacking": {
      "items": {},
      "disabled": false
    },
    "disableAxeStripping": false,
    "disableShovelPathing": false,
    "disableWaterBonemeal": false
  },
  "animation": {
    "preventArmSway": false,
    "armSwayMirror": false,
    "armSwayIntensity": 100,
    "oldSwing": false,
    "oldSwingInterrupt": true,
    "oldSwingDropping": false,
    "oldClassicAttackSwing": false,
    "oldClassicUseSwing": false,
    "oldItemCooldown": true,
    "oldItemReequip": false,
    "oldToolExplosion": false,
    "oldZombieArms": false,
    "oldSkeletonArms": false,
    "oldGhastCharging": false,
    "hideBoatRowing": false,
    "oldClassicWalkBobbing": false,
    "oldClassicWalkArms": false,
    "oldBackwardWalking": false,
    "oldVerticalBobbing": false,
    "oldCreativeCrouch": false,
    "oldRandomDamage": false,
    "oldSneaking": false,
    "preventDeathTopple": false
  },
  "swing": {
    "overrideSpeeds": false,
    "attackGlobalSpeed": -1,
    "useGlobalSpeed": -1,
    "attackItemSpeed": 8,
    "useItemSpeed": 8,
    "attackToolSpeed": 8,
    "useToolSpeed": 8,
    "attackBlockSpeed": 8,
    "useBlockSpeed": 8,
    "attackSwordSpeed": 8,
    "useSwordSpeed": 8,
    "attackHasteSpeed": -1,
    "useHasteSpeed": -1,
    "attackFatigueSpeed": -1,
    "useFatigueSpeed": -1,
    "attackSwingSpeeds": {
      "items": {},
      "disabled": false
    },
    "useSwingSpeeds": {
      "items": {},
      "disabled": false
    }
  }
}